{
  "baseline_ms": 28406.110286712646,
  "best_runtime_ms": 14053.79867553711,
  "speedup": 2.021240729466122,
  "improvement_percent": 102.12407294661219,
  "best_sequence": [
    "loop-simplify"
  ],
  "iterations": 3,
  "visited_sequences": 9
}